game_id,off,ng_drives,ng_pts,opps,opp_pts,start
400933893,Alabama,9,38.0,7,38.0,73.66666666666667
400933893,Tennessee,8,0.0,0,0.0,79.125
400933894,Arkansas,9,13.0,4,13.0,74.66666666666667
400933894,Auburn,11,38.0,6,24.0,65.72727272727273
400933895,LSU,12,40.0,8,33.0,75.0
400933895,Ole Miss,11,16.0,5,16.0,68.0
400933896,Kentucky,8,7.0,1,7.0,78.75
400933896,Mississippi State,9,31.0,6,31.0,69.77777777777777
400933897,Idaho,8,14.0,3,14.0,66.75
400933897,Missouri,9,51.0,7,44.0,68.44444444444444
400934531,Iowa State,11,24.0,6,24.0,65.0909090909091
400934531,Texas Tech,12,13.0,6,13.0,70.75
400934532,Kansas,7,0.0,0,0.0,77.71428571428571
400934532,TCU,7,30.0,4,23.0,67.28571428571429
400934533,Baylor,13,36.0,8,29.0,73.46153846153847
400934533,West Virginia,13,32.0,6,32.0,69.46153846153847
400934534,Kansas State,12,35.0,5,28.0,67.83333333333333
400934534,Oklahoma,11,42.0,9,42.0,73.45454545454545
400934535,Oklahoma State,15,13.0,6,13.0,77.26666666666667
400934535,Texas,15,10.0,5,10.0,71.0
400934568,Army,12,31.0,4,24.0,70.33333333333333
400934568,Temple,11,28.0,6,14.0,70.18181818181819
400934578,Notre Dame,10,35.0,7,35.0,64.0
400934578,USC,10,14.0,3,14.0,73.3
400935300,Arizona,11,38.0,6,24.0,68.81818181818181
400935300,California,14,44.0,10,44.0,58.357142857142854
400935301,Arizona State,11,23.0,7,23.0,66.36363636363636
400935301,Utah,11,3.0,1,3.0,80.72727272727273
400935302,Oregon,11,14.0,5,14.0,75.45454545454545
400935302,UCLA,11,31.0,6,31.0,71.9090909090909
400935303,Colorado,13,0.0,4,0.0,61.38461538461539
400935303,Washington State,12,28.0,4,21.0,74.83333333333333
400935383,Indiana,14,9.0,3,9.0,70.85714285714286
400935383,Michigan State,14,17.0,5,17.0,74.71428571428571
400935384,Illinois,14,17.0,5,17.0,70.42857142857143
400935384,Minnesota,12,18.0,5,18.0,70.75
400935385,Iowa,11,10.0,4,10.0,78.27272727272727
400935385,Northwestern,12,17.0,7,17.0,70.16666666666667
400935386,Michigan,10,13.0,2,13.0,69.8
400935386,Penn State,11,42.0,6,28.0,69.81818181818181
400935387,Purdue,15,12.0,4,12.0,79.0
400935387,Rutgers,15,14.0,2,7.0,67.86666666666666
400935388,Maryland,9,13.0,4,13.0,67.11111111111111
400935388,Wisconsin,9,31.0,6,31.0,70.33333333333333
400937498,Boston College,8,34.0,4,20.0,79.875
400937498,Virginia,8,10.0,2,10.0,71.875
400937499,Duke,12,17.0,5,10.0,72.41666666666667
400937499,Pittsburgh,12,10.0,5,10.0,76.66666666666667
400937500,Florida State,11,21.0,6,21.0,75.9090909090909
400937500,Louisville,12,31.0,8,31.0,68.91666666666667
400937501,Georgia Tech,12,32.0,6,19.0,71.0
400937501,Wake Forest,11,24.0,8,24.0,68.9090909090909
400937502,Miami,13,27.0,6,20.0,72.76923076923077
400937502,Syracuse,14,19.0,6,19.0,73.57142857142857
400937503,North Carolina,9,0.0,1,0.0,79.66666666666667
400937503,Virginia Tech,6,21.0,3,14.0,70.66666666666667
400938638,Charlotte,15,18.0,6,18.0,65.73333333333333
400938638,UAB,14,17.0,5,17.0,70.42857142857143
400938639,Florida Atlantic,7,41.0,6,34.0,69.28571428571429
400938639,North Texas,6,7.0,1,7.0,74.0
400938640,Louisiana Tech,14,20.0,8,20.0,65.35714285714286
400938640,Southern Miss,15,34.0,9,34.0,67.26666666666667
400938641,Old Dominion,13,31.0,6,24.0,74.76923076923077
400938641,Western Kentucky,12,35.0,7,28.0,63.583333333333336
400938642,Rice,11,7.0,3,0.0,78.27272727272727
400938642,UTSA,10,13.0,6,13.0,76.0
400938674,Marshall,10,31.0,7,31.0,63.2
400938674,Middle Tennessee,11,10.0,4,10.0,78.27272727272727
400938892,Georgia Southern,9,17.0,4,17.0,69.11111111111111
400938892,Massachusetts,10,35.0,8,28.0,59.6
400941824,Houston,16,38.0,8,38.0,68.5
400941824,Memphis,16,35.0,9,35.0,69.9375
400941825,Navy,11,21.0,5,14.0,78.36363636363636
400941825,UCF,12,24.0,9,24.0,61.75
400941826,Cincinnati,11,28.0,9,28.0,67.0909090909091
400941826,SMU,10,28.0,5,28.0,75.8
400941827,Tulsa,12,14.0,6,14.0,80.33333333333333
400941827,UConn,12,13.0,6,13.0,75.91666666666667
400941828,BYU,11,10.0,4,10.0,72.36363636363636
400941828,East Carolina,12,33.0,7,33.0,70.66666666666667
400941829,South Florida,13,34.0,8,28.0,69.38461538461539
400941829,Tulane,13,28.0,6,21.0,70.53846153846153
400944857,Arkansas State,8,27.0,4,20.0,70.625
400944857,Louisiana,9,3.0,5,3.0,69.88888888888889
400944858,App State,13,37.0,8,24.0,68.6923076923077
400944858,Coastal Carolina,12,29.0,6,23.0,71.83333333333333
400944859,South Alabama,11,33.0,8,33.0,71.54545454545455
400944859,UL Monroe,11,23.0,7,23.0,68.63636363636364
400944999,Akron,8,7.0,3,7.0,77.75
400944999,Toledo,10,45.0,9,45.0,68.8
400945000,Buffalo,13,14.0,4,14.0,68.15384615384616
400945000,Miami (OH),12,17.0,6,17.0,71.25
400945001,Ball State,12,9.0,5,9.0,65.25
400945001,Central Michigan,11,35.0,6,28.0,61.81818181818182
400945002,Kent State,9,3.0,2,3.0,77.0
400945002,Ohio,9,34.0,6,34.0,69.44444444444444
400945003,Bowling Green,8,7.0,3,7.0,69.875
400945003,Northern Illinois,9,38.0,6,31.0,67.22222222222223
400945004,Eastern Michigan,12,17.0,7,17.0,76.25
400945004,Western Michigan,13,20.0,7,20.0,70.3076923076923
400945278,Air Force,12,45.0,6,38.0,76.41666666666667
400945278,Nevada,10,42.0,7,42.0,65.4
400945279,Boise State,10,24.0,6,24.0,63.9
400945279,Wyoming,10,14.0,3,14.0,74.9
400945280,Colorado State,11,27.0,6,27.0,76.54545454545455
400945280,New Mexico,13,24.0,7,24.0,74.38461538461539
400945281,UNLV,13,28.0,5,21.0,75.23076923076923
400945281,Utah State,14,45.0,6,38.0,63.0
400945282,Fresno State,8,27.0,5,27.0,71.75
400945282,San Diego State,8,3.0,3,3.0,74.125
